{
    "step": 99,
    "train": {
        "loss": 0.008632820099592209,
        "accuracy": 0.9994999766349792
    },
    "eval": {
        "loss": 2.297062873840332,
        "accuracy": 0.8287500143051147
    }
}